{
  "hash": "40a14fe3",
  "configHash": "60078776",
  "lockfileHash": "03f76205",
  "browserHash": "d72ea14f",
  "optimized": {
    "@angular/core": {
      "src": "../../../../../../node_modules/@angular/core/fesm2022/core.mjs",
      "file": "@angular_core.js",
      "fileHash": "f4b4a500",
      "needsInterop": false
    },
    "@angular/platform-browser": {
      "src": "../../../../../../node_modules/@angular/platform-browser/fesm2022/platform-browser.mjs",
      "file": "@angular_platform-browser.js",
      "fileHash": "a1270b74",
      "needsInterop": false
    },
    "@angular/router": {
      "src": "../../../../../../node_modules/@angular/router/fesm2022/router.mjs",
      "file": "@angular_router.js",
      "fileHash": "09dd6020",
      "needsInterop": false
    },
    "zone.js": {
      "src": "../../../../../../node_modules/zone.js/fesm2015/zone.js",
      "file": "zone__js.js",
      "fileHash": "7218db4f",
      "needsInterop": true
    },
    "@angular/common": {
      "src": "../../../../../../node_modules/@angular/common/fesm2022/common.mjs",
      "file": "@angular_common.js",
      "fileHash": "6823f301",
      "needsInterop": false
    }
  },
  "chunks": {
    "chunk-MNASD6VB": {
      "file": "chunk-MNASD6VB.js"
    },
    "chunk-LKSFUSRB": {
      "file": "chunk-LKSFUSRB.js"
    },
    "chunk-SJVPI5HB": {
      "file": "chunk-SJVPI5HB.js"
    },
    "chunk-WDMUDEB6": {
      "file": "chunk-WDMUDEB6.js"
    }
  }
}